name,url
Southern New Hampshire University,www.snhu.edu/
Western Governors University,www.wgu.edu/
University of Phoenix - Arizona,https://www.phoenix.edu/
Grand Canyon University,www.gcu.edu/
Arizona State University,www.asu.edu/
Texas A and M University,https://www.tamu.edu/
University of Central Florida,https://www.ucf.edu/
Ivy Tech Community College,www.ivytech.edu/
Liberty University,https://www.liberty.edu/
University of Maryland Global Campus,www.umgc.edu/
Miami Dade College,www.mdc.edu/
Ohio State University,www.osu.edu/
Lone Star College,www.lonestar.edu/
Purdue University,https://www.purdue.edu/
Brigham Young University - Idaho,https://www.byui.edu/
Dallas College,www.dallascollege.edu/pages/default.aspx
University of Texas - Austin,https://www.utexas.edu/
University of Arizona,https://www.arizona.edu/
Tarrant County College District,www.tccd.edu/
Pennsylvania State University,https://www.psu.edu/
Kennesaw State University,www.kennesaw.edu/
Michigan State University,https://www.msu.edu/
Houston City College,www.hccs.edu/
American Public University System,https://www.apus.edu/
Florida International University,www.fiu.edu/
Valencia College,valenciacollege.edu/
California State University - Fullerton,www.fullerton.edu/
University of Houston,www.uh.edu/
Indiana University - Bloomington,https://bloomington.iu.edu/
Rutgers University - New Brunswick,https://newbrunswick.rutgers.edu/
University of South Florida,www.usf.edu/
University of Wisconsin - Madison,www.wisc.edu/
University of Illinois - Urbana-Champaign,www.illinois.edu/
Texas State University,https://www.txst.edu/
California State University - Long Beach,www.csulb.edu/
University of Florida,https://www.ufl.edu/
San Diego State University,https://www.sdsu.edu/
University of California - San Diego,www.ucsd.edu/
University of North Texas,www.unt.edu/
University of Michigan - Ann Arbor,https://umich.edu/
Connecticut State Community College - Capital Campus,https://ctstate.edu/
University of California - Los Angeles,www.ucla.edu/
The University of Alabama,www.ua.edu/
University of California - Berkeley,www.berkeley.edu/
Northern Virginia Community College,https://www.nvcc.edu/
Brigham Young University,https://byu.edu/
California State University - Northridge,https://www.csun.edu/
Texas Tech University,www.ttu.edu/
University of Texas - Arlington,https://www.uta.edu/
University of California - Davis,ucdavis.edu/
Florida State University,https://www.fsu.edu/
University of Georgia,www.uga.edu/
University of Washington,https://www.washington.edu/
University of Colorado - Boulder,https://www.colorado.edu/
University of Minnesota - Twin Cities,https://twin-cities.umn.edu/
Virginia Tech,www.vt.edu/
Purdue University Global,https://www.purdueglobal.edu/
University of Maryland - College Park,www.umd.edu/
Oregon State University,https://oregonstate.edu/
Louisiana State University,www.lsu.edu/
The University of Texas at San Antonio,www.utsa.edu/
University of Tennessee - Knoxville,www.utk.edu/
University of California - Irvine,www.uci.edu/
Austin Community College District,www.austincc.edu/
University of Cincinnati,www.uc.edu/
University of South Carolina,www.sc.edu/
National University College - Bayamon,www.nuc.edu/
University of Arkansas,https://www.uark.edu/
University of Texas - Rio Grande Valley,www.utrgv.edu/
New York University,https://www.nyu.edu/
Utah Valley University,www.uvu.edu/
California State University - Sacramento,https://www.csus.edu/
Colorado Technical University - Colorado Springs,www.coloradotech.edu/Colorado-Springs
DeVry University - Illinois,https://www.devry.edu/
East Los Angeles College,www.elac.edu/
George Mason University,https://www.gmu.edu/
San Jose State University,www.sjsu.edu/
North Carolina State University,www.ncsu.edu/
University of Utah,www.utah.edu/
College of Southern Nevada,www.csn.edu/
Auburn University,www.auburn.edu/
Georgia State University,www.gsu.edu/
Collin College,https://www.collin.edu/
Mt. San Antonio College,www.mtsac.edu/
Full Sail University,www.fullsail.edu/
American River College,https://www.arc.losrios.edu/
Colorado State University,colostate.edu/
Iowa State University,https://www.iastate.edu/
California State Polytechnic University - Pomona,www.cpp.edu/
Broward College,www.broward.edu/
University of Kentucky,www.uky.edu/
University of Nevada - Las Vegas,www.unlv.edu/
University of North Carolina at Charlotte,https://www.charlotte.edu/
El Paso Community College,www.epcc.edu/
University of Missouri,https://missouri.edu/
Florida Atlantic University,www.fau.edu/
University of Massachusetts - Amherst,www.umass.edu/
Clemson University,www.clemson.edu/
University of California - Santa Barbara,www.ucsb.edu/
San Jacinto Community College,www.sanjac.edu/
Northern Arizona University,https://nau.edu/
University of Oklahoma,https://www.ou.edu/
University of the People,www.uopeople.edu/
University of California - Riverside,www.ucr.edu/
Santa Ana College,www.sac.edu/
Long Beach City College,www.lbcc.edu/
University of Iowa,https://uiowa.edu/
University of Illinois - Chicago,www.uic.edu/
Cal Poly,calpoly.edu/
Palm Beach State College,www.palmbeachstate.edu/
Georgia Southern University,www.georgiasouthern.edu/
Oklahoma State University,www.okstate.edu/
University of Texas - Dallas,www.utdallas.edu/
California State University - Fresno,www.fresnostate.edu/
University of Mississippi,www.olemiss.edu/
Hillsborough Community College,https://www.hccfl.edu/
Pasadena City College,pasadena.edu/
Santa Monica College,https://www.smc.edu/
Fresno City College,www.fresnocitycollege.edu/
University of Kansas,https://ku.edu/
Washington State University,https://wsu.edu/
University of Texas - El Paso,https://www.utep.edu/
Temple University,www.temple.edu/
James Madison University,www.jmu.edu/index.shtml
Virginia Commonwealth University,https://www.vcu.edu/
University of North Carolina at Chapel Hill,https://www.unc.edu/
University of Oregon,https://www.uoregon.edu/
University of Southern California,www.usc.edu/
University of Pittsburgh,www.pitt.edu/
Utah State University,https://www.usu.edu/
Ashford University,www.uagc.edu/
University at Buffalo - SUNY,https://www.buffalo.edu/
East Carolina University,https://www.ecu.edu/
University of Connecticut,https://uconn.edu/
Wake Technical Community College,www.waketech.edu/
Florida State College at Jacksonville,www.fscj.edu/
Ohio University,https://www.ohio.edu/
California State University - Los Angeles,https://www.calstatela.edu/
Portland Community College,www.pcc.edu/
Appalachian State University,https://www.appstate.edu/
Kent State University,www.kent.edu/
El Camino College,www.elcamino.edu/
University of Nebraska - Lincoln,www.unl.edu/
University of Delaware,www.udel.edu/
Illinois State University,illinoisstate.edu/
St. Petersburg College,www.spcollege.edu/
Cerritos College,www.cerritos.edu/
Grand Valley State University,www.gvsu.edu/
Georgia Institute of Technology,www.gatech.edu/
San Francisco State University,www.sfsu.edu/
CUNY Borough of Manhattan Community College,www.bmcc.cuny.edu/
Southwestern College,https://www.swccd.edu/
Mississippi State University,https://www.msstate.edu/
Montclair State University,www.montclair.edu/
Capella University,www.capella.edu/
Riverside City College,www.rcc.edu/
Boston University,www.bu.edu/
Salt Lake Community College,www.slcc.edu/
Chaffey College,https://www.chaffey.edu/
Stony Brook University,https://www.stonybrook.edu/
University of California - Santa Cruz,www.ucsc.edu/
Sam Houston State University,www.shsu.edu/
Palomar College,www2.palomar.edu/
Saddleback College,https://www.saddleback.edu/
Keiser University - Fort Lauderdale,www.keiseruniversity.edu/
Boise State University,https://www.boisestate.edu/
Sacramento City College,https://www.scc.losrios.edu/
University of Virginia,https://www.virginia.edu/
Columbus State Community College,https://www.cscc.edu/
Old Dominion University,www.odu.edu/
West Virginia University,www.wvu.edu/
City College of San Francisco,www.ccsf.edu/
Northeastern University,www.northeastern.edu/
Bakersfield College,https://www.bakersfieldcollege.edu/
University of New Mexico,www.unm.edu/
Fullerton College,www.fullcoll.edu/
University of Wisconsin - Milwaukee,uwm.edu/
Miami University,miamioh.edu/
San Antonio College,www.alamo.edu/sac
Weber State University,https://www.weber.edu/
Middle Tennessee State University,www.mtsu.edu/
CUNY Hunter College,www.hunter.cuny.edu/
CUNY Baruch College,www.baruch.cuny.edu/
University of North Georgia,www.ung.edu/
Towson University,www.towson.edu/
College of DuPage,www.cod.edu/
San Diego Mesa College,www.sdmesa.edu/
Orange Coast College,https://orangecoastcollege.edu/
Cornell University,www.cornell.edu/
South Texas College,https://www.southtexascollege.edu/
Rowan University,https://www.rowan.edu/
College of the Canyons,www.canyons.edu/
San Joaquin Delta College,www.deltacollege.edu/
Rio Hondo College,www.riohondo.edu/
University of Nevada - Reno,www.unr.edu/
Wayne State University,https://wayne.edu/
Blinn College District,www.blinn.edu/
Syracuse University,https://www.syracuse.edu/
Diablo Valley College,https://www.dvc.edu/
De Anza College,https://www.deanza.edu/
Mt San Jacinto College,www.msjc.edu/
Savannah College of Art and Design,www.scad.edu/
Central New Mexico Community College,https://www.cnm.edu/
Kansas State University,www.k-state.edu/
Modesto Junior College,https://www.mjc.edu/
Santa Rosa Junior College,www.santarosa.edu/
Central Piedmont Community College,www.cpcc.edu/
University of Hawaii at Manoa,https://manoa.hawaii.edu/
California State University - San Bernardino,www.csusb.edu/
Metropolitan State University of Denver,www.msudenver.edu/
University of North Carolina - Wilmington,www.uncw.edu/
California State University - San Marcos,www.csusm.edu/
Baylor University,www.baylor.edu/
University of Louisville,www.louisville.edu/
Binghamton University,www.binghamton.edu/
Mesa Community College,www.mesacc.edu/
Montana State University,https://www.montana.edu/
Pima Community College,www.pima.edu/
SUNY Suffolk County Community College,https://www.sunysuffolk.edu/
West Chester University of Pennsylvania,https://www.wcupa.edu/
Sierra College,https://www.sierracollege.edu/
DePaul University,https://www.depaul.edu/
University of North Carolina - Greensboro,www.uncg.edu/
Chamberlain University - Addison,https://www.chamberlain.edu/
Cosumnes River College,https://www.crc.losrios.edu/
Northwest Vista College,alamo.edu/nvc/
Ball State University,https://www.bsu.edu/
Macomb Community College,www.macomb.edu/
Florida Gulf Coast University,www.fgcu.edu/
The Community College of Baltimore County,www.ccbcmd.edu/
Indiana University - Indianapolis,https://indianapolis.iu.edu/
Montgomery College,www.montgomerycollege.edu/
Georgia State University - Perimeter College,perimeter.gsu.edu/
California State University - Chico,www.csuchico.edu/
Post University,www.post.edu/
CUNY New York City College of Technology,www.citytech.cuny.edu/
Western Washington University,wwu.edu/
Los Angeles Pierce College,www.lapc.edu/
Cuyahoga Community College District,www.tri-c.edu/
University of Rhode Island,https://web.uri.edu/
University of North Florida,https://www.unf.edu/
Cypress College,www.cypresscollege.edu/
Missouri State University,www.missouristate.edu/
Sinclair Community College,www.sinclair.edu/
Drexel University,https://drexel.edu/
Rochester Institute of Technology,www.rit.edu/
Portland State University,www.pdx.edu/
St. Philip's College,www.alamo.edu/spc/
University of Miami,www.miami.edu/
Seminole State College of Florida,https://www.seminolestate.edu/
Bowling Green State University,www.bgsu.edu/
Oakland Community College,https://www.oaklandcc.edu/
University of Memphis,https://www.memphis.edu/
Tarleton State University,www.tarleton.edu/
Los Angeles Valley College,www.lavc.edu/
Western Michigan University,https://wmich.edu/
University at Albany - SUNY,www.albany.edu/
University of Houston - Downtown,www.uhd.edu/
CUNY Queens College,https://www.qc.cuny.edu/
California State University - Dominguez Hills,https://www.csudh.edu/
CUNY City College of New York,www.ccny.cuny.edu/
University of Louisiana at Lafayette,www.louisiana.edu/
Oakland University,www.oakland.edu/
Eastern Kentucky University,https://www.eku.edu/
San Bernardino Valley College,www.valleycollege.edu/
Tulsa Community College,www.tulsacc.edu/
North Carolina A and T State University,www.ncat.edu/
Columbia Southern University,www.columbiasouthern.edu/
Grossmont College,https://www.grossmont.edu/
Western Kentucky University,https://www.wku.edu/
ECPI University,www.ecpi.edu/
Moorpark College,www.moorparkcollege.edu/index.shtml
Tidewater Community College,www.tcc.edu/
Milwaukee Area Technical College,https://www.matc.edu/
Glendale Community College,www.gccaz.edu/
Community College of Philadelphia,https://www.ccp.edu/
New Mexico State University,www.nmsu.edu/
Indian River State College,www.irsc.edu/
Saint Louis Community College,https://www.stlcc.edu/
University of Vermont,www.uvm.edu/
Loyola University Chicago,https://www.luc.edu/
Minnesota State University - Mankato,https://mnsu.edu/
Rio Salado College,www.riosalado.edu/
Delgado Community College,https://www.dcc.edu/
University of Alabama - Birmingham,https://www.uab.edu/
CUNY John Jay College of Criminal Justice,www.jjay.cuny.edu/
College of the Sequoias,https://www.cos.edu/
Excelsior University,www.excelsior.edu/
Antelope Valley College,www.avc.edu/
University of Massachusetts - Boston,www.umb.edu/
University of Nebraska at Omaha,https://www.unomaha.edu/
Front Range Community College,https://www.frontrange.edu/
University of Massachusetts - Lowell,www.uml.edu/
Kean University,https://www.kean.edu/
Chabot College,www.chabotcollege.edu/
Georgia Gwinnett College,www.ggc.edu/
Johnson County Community College,www.jccc.edu/
Northern Illinois University,www.niu.edu/
San Diego Miramar College,www.sdmiramar.edu/
University of New Hampshire,https://www.unh.edu/
CUNY LaGuardia Community College,www.lagcc.cuny.edu/
Los Angeles City College,www.lacc.edu/
George Washington University,https://www.gwu.edu/
Community College of Rhode Island,www.ccri.edu/
Foothill College,https://foothill.edu/
Santa Fe College,www.sfcollege.edu/
Tallahassee State College,www.tsc.fl.edu/
Florida SouthWestern State College,https://www.fsw.edu/
Texas Christian University,https://www.tcu.edu/
Delaware Technical Community College - Terry,https://www.dtcc.edu/
National University,www.nu.edu/
Wichita State University,www.wichita.edu/
University of Maryland - Baltimore County,umbc.edu/
Grand Rapids Community College,https://www.grcc.edu/
Lehman College - City University of New York CUNY,www.lehman.edu/
University of Pennsylvania,www.upenn.edu/
Metropolitan Community College - Kansas City,www.mcckc.edu/
Nassau Community College,www.ncc.edu/
Santiago Canyon College,www.sccollege.edu/SitePages/Home.aspx
University of Tampa,https://www.ut.edu/
College of Charleston,https://www.charleston.edu/
Bergen Community College,https://www.bergen.edu/
CUNY Brooklyn College,www.brooklyn.edu/
University of Colorado - Denver,www.ucdenver.edu/
Fordham University,https://www.fordham.edu/
Trident Technical College,https://www.tridenttech.edu/
Glendale Community College,https://www.glendale.edu/
Eastern Florida State College,https://www.easternflorida.edu/
Des Moines Area Community College,https://www.dmacc.edu/
San Diego City College,www.sdcity.edu/
Coastal Carolina University,https://www.coastal.edu/
Irvine Valley College,https://www.ivc.edu/
MiraCosta College,www.miracosta.edu/
Bellevue University,https://www.bellevue.edu/
College of the Desert,www.collegeofthedesert.edu/
Daytona State College,www.daytonastate.edu/
University of Central Oklahoma,https://www.uco.edu/
Ventura College,www.venturacollege.edu/
Howard University,www.howard.edu/
Boston College,www.bc.edu/
University of Southern Mississippi,https://www.usm.edu/
The University of Tennessee at Chattanooga,utc.edu/
Madison Area Technical College,madisoncollege.edu/
Eastern Michigan University,www.emich.edu/
Central Michigan University,https://www.cmich.edu/
Western Carolina University,www.wcu.edu/
East Tennessee State University,https://www.etsu.edu/
Merced College,www.mccd.edu/
Los Angeles Trade-Technical College,www.lattc.edu/
University of North Dakota,https://und.edu/
East Texas A and M University,www.tamuc.edu/
Santa Barbara City College,www.sbcc.edu/
California State University - East Bay,https://www.csueastbay.edu/
Troy University,www.troy.edu/
University of Toledo,www.utoledo.edu/
Cape Fear Community College,www.cfcc.edu/
Oklahoma City Community College,www.occc.edu/
South Florida Institute of Technology,www.sf-institute.com/
Fort Hays State University,www.fhsu.edu/
CUNY College of Staten Island,www.csi.cuny.edu/
Pikes Peak State College,https://www.pikespeak.edu/
Farmingdale State College,www.farmingdale.edu/
Community College of Allegheny County,https://www.ccac.edu/
University of Puerto Rico - Mayaguez,https://www.uprm.edu/
Harrisburg Area Community College,https://www.hacc.edu/
Southeastern Louisiana University,https://www.southeastern.edu/
Del Mar College,www.delmar.edu/
St. John's University - New York,www.stjohns.edu/
Fayetteville Technical Community College,https://www.faytechcc.edu/
North Dakota State University,https://www.ndsu.edu/
Hartnell College,www.hartnell.edu/
Texas State Technical College,www.tstc.edu/
College of Lake County,https://www.clcillinois.edu/
Folsom Lake College,https://www.flc.losrios.edu/
University of Wisconsin - Whitewater,www.uww.edu/
Strayer University - Online,www.strayer.edu/
Moreno Valley College,www.mvc.edu/
University of West Florida,uwf.edu/
William Rainey Harper College,https://www.harpercollege.edu/index.php
Joliet Junior College,https://www.jjc.edu/
Southern Utah University,https://www.suu.edu/
University of Wisconsin - La Crosse,www.uwlax.edu/
Guilford Technical Community College,www.gtcc.edu/
Commonwealth University of Pennsylvania,https://www.commonwealthu.edu/
Northwestern University,www.northwestern.edu/
South Dakota State University,https://www.sdstate.edu/
Embry-Riddle Aeronautical University - Worldwide,worldwide.erau.edu/
Walden University,https://www.waldenu.edu/
Arkansas State University,www.astate.edu/
Tyler Junior College,www.tjc.edu/
University of Akron,www.uakron.edu/
Golden West College,https://www.goldenwestcollege.edu/
Morgan State University,https://www.morgan.edu/
New Jersey Institute of Technology,https://www.njit.edu/
Anne Arundel Community College,www.aacc.edu/
Columbia University,www.columbia.edu/
Cleveland State University,www.csuohio.edu/
Queensborough Community College - CUNY,www.qcc.cuny.edu/
Ultimate Medical Academy - Clearwater,https://www.ultimatemedical.edu/
Greenville Technical College,www.gvltec.edu/
University of Wisconsin - Eau Claire,www.uwec.edu/
Butte College,www.butte.edu/
University of South Alabama,www.southalabama.edu/
Prairie View A and M University,www.pvamu.edu/
Bryant and Stratton College,https://www.bryantstratton.edu/
University of Notre Dame,www.nd.edu/
Prince George's Community College,https://www.pgcc.edu/
Palo Alto College,alamo.edu/pac/
Norco College,www.norcocollege.edu/
Metropolitan Community College - Nebraska,https://www.mccneb.edu/
Texas Woman's University,www.twu.edu/
Southern Illinois University - Edwardsville,www.siue.edu/
South College,www.south.edu/
Gwinnett Technical College,https://www.gwinnetttech.edu/
Stephen F. Austin State University,https://www.sfasu.edu/
Chattahoochee Technical College,www.chattahoocheetech.edu/
Tennessee Technological University,www.tntech.edu/
University of Colorado - Colorado Springs,https://www.uccs.edu/
Henry Ford College,https://www.hfcc.edu/
Rasmussen University - St. Cloud,https://rasmussen.edu/
Bunker Hill Community College,www.bhcc.edu/
California State University - Bakersfield,www.csub.edu/
University of Puerto Rico - Rio Piedras,https://www.uprrp.edu/
Phoenix College,www.phoenixcollege.edu/
Utah Tech University,utahtech.edu/
Escoffier School of Culinary Arts - Boulder,www.escoffier.edu/
University of Maine,www.umaine.edu/
Southern Illinois University - Carbondale,https://siu.edu/
Middlesex College,www.middlesexcollege.edu/
California State University - Stanislaus,https://www.csustan.edu/
University of California - Merced,ucmerced.edu/
Baton Rouge Community College,www.mybrcc.edu/
Louisiana Tech University,https://www.latech.edu/
Citrus College,https://www.citruscollege.edu/
Northern Kentucky University,www.nku.edu/
Bluegrass Community and Technical College,https://bluegrass.kctcs.edu/
Lansing Community College,https://www.lcc.edu/
California Baptist University,www.calbaptist.edu/
Ozarks Technical Community College,www.otc.edu/
Lamar University,www.lamar.edu/
Colorado Mesa University,www.coloradomesa.edu/
Ferris State University,www.ferris.edu/
SUNY Westchester Community College,www.sunywcc.edu/
Solano Community College,welcome.solano.edu/
Allan Hancock College,www.hancockcollege.edu/
Texas A and M University - Corpus Christi,https://www.tamucc.edu/
Cabrillo College,https://www.cabrillo.edu/
Los Angeles Mission College,https://www.lamission.edu/
College of San Mateo,www.collegeofsanmateo.edu/
Youngstown State University,https://ysu.edu/
Clovis Community College,www.cloviscollege.edu/
University of Wyoming,https://www.uwyo.edu/
UCNJ Union College of Union County - NJ,https://www.ucc.edu/
Wilmington University,www.wilmu.edu/
Brookdale Community College,https://www.brookdalecc.edu/
Pennsylvania State University - World Campus,https://www.worldcampus.psu.edu/
Universidad Ana G. Mendez,uagm.edu/
Embry-Riddle Aeronautical University - Daytona Beach,daytonabeach.erau.edu/
Washington University in St. Louis,https://washu.edu/
Central Washington University,www.cwu.edu/
Bridgewater State University,www.bridgew.edu/
Central Connecticut State University,www.ccsu.edu/
Washtenaw Community College,www.wccnet.edu/
Tulane University,https://tulane.edu/
University of Central Arkansas,www.uca.edu/
University of Idaho,www.uidaho.edu/
Jefferson Community and Technical College,https://jefferson.kctcs.edu/
Rutgers University-Newark,https://www.newark.rutgers.edu/
Evergreen Valley College,https://www.evc.edu/
University of Dayton,https://udayton.edu/
Truckee Meadows Community College,www.tmcc.edu/
CUNY Kingsborough Community College,www.kbcc.cuny.edu/
Northampton Community College,www.northampton.edu/
Pace University,www.pace.edu/
Marquette University,www.marquette.edu/
Imperial Valley College,www.imperial.edu/
Fashion Institute of Technology,www.fitnyc.edu/
Monroe Community College,www.monroecc.edu/
Skyline College,skylinecollege.edu/
Harvard University,www.harvard.edu/
Kirkwood Community College,www.kirkwood.edu/
Empire State University,www.sunyempire.edu/
Idaho State University,www.isu.edu/
Florida A and M University,www.famu.edu/
Georgetown University,https://www.georgetown.edu/
University of Chicago,www.uchicago.edu/
Ensign College,www.ensign.edu/
Midlands Technical College,https://www.midlandstech.edu/
Austin Peay State University,www.apsu.edu/
Stanford University,www.stanford.edu/
Pensacola State College,www.pensacolastate.edu/
Stockton University,https://www.stockton.edu/
University of Northern Iowa,https://www.uni.edu/
University of West Georgia,www.westga.edu/
Schoolcraft College,https://www.schoolcraft.edu/
Moraine Valley Community College,www.morainevalley.edu/
University of Montana,www.umt.edu/
Chapman University,https://www.chapman.edu/
Berklee College of Music,www.berklee.edu/
Pennsylvania Western University,https://www.pennwest.edu/
University of Texas - Tyler,https://www.uttyler.edu/
Wayne County Community College District,https://www.wcccd.edu/
Amarillo College,https://www.actx.edu/
Coastline Community College,https://www.coastline.edu/
State College of Florida - Manatee-Sarasota,www.scf.edu/
Bellevue College,https://bellevuecollege.edu/
University of Minnesota - Duluth,https://d.umn.edu/
Los Medanos College,https://www.losmedanos.edu/
University of Wisconsin - Stevens Point,https://www.uwsp.edu/
Carnegie Mellon University,www.cmu.edu/
Montgomery County Community College - Blue Bell,www.mc3.edu/
Las Positas College,www.laspositascollege.edu/
Emory University,www.emory.edu/
West Los Angeles College,www.wlac.edu/
Southern Methodist University,https://www.smu.edu/
Saint Louis University,www.slu.edu/
American University,www.american.edu/
Marshall University,https://www.marshall.edu/
Nova Southeastern University,www.nova.edu/
Brown University,www.brown.edu/
University of Alaska - Anchorage,www.uaa.alaska.edu/
Vanderbilt University,www.vanderbilt.edu/
Cuesta College,https://www.cuesta.edu/
Polk State College,www.polk.edu/
Cuyamaca College,https://www.cuyamaca.edu/
Belmont University,https://www.belmont.edu/
Forsyth Technical Community College,https://www.forsythtech.edu/
American InterContinental University - Online,https://www.aius.education/
San Jose City College,www.sjcc.edu/
The College of New Jersey,https://www.tcnj.edu/
Ohlone College,www.ohlone.edu/
Loyola Marymount University,https://www.lmu.edu/
Sacred Heart University,https://www.sacredheart.edu/
Calhoun Community College,https://calhoun.edu/
Tufts University,https://www.tufts.edu/
William and Mary,https://www.wm.edu/
Normandale Community College,www.normandale.edu/
Jacksonville State University,https://www.jsu.edu/
University of the Cumberlands,www.ucumberlands.edu/
Villanova University,www.villanova.edu/
West Texas A and M University,https://www.wtamu.edu/
Triton College,www.triton.edu/
Pasco-Hernando State College,https://www.phsc.edu/
University of Wisconsin - Oshkosh,https://www.uwosh.edu/
Delaware County Community College,www.dccc.edu/
Texas Southern University,www.tsu.edu/
Laney College,laney.edu/
California State University - Monterey Bay,https://csumb.edu/
University of Missouri - Kansas City,https://www.umkc.edu/
Slippery Rock University,https://www.sru.edu/
Southeast Community College,www.southeast.edu/
Indiana University of Pennsylvania,www.iup.edu/
Wright State University,https://www.wright.edu/
Yale University,https://www.yale.edu/
Saint Leo University,www.saintleo.edu/
Pellissippi State Community College,www.pstcc.edu/
Thomas Edison State University,www.tesu.edu/
Los Angeles Harbor College,https://www.lahc.edu/
Murray State University,www.murraystate.edu/
Texas A and M International University,www.tamiu.edu/
Indiana Wesleyan University - National and Global,https://www.indwes.edu/
Howard Community College,www.howardcc.edu/
Elgin Community College,www.elgin.edu/
Camden County College,https://www.camdencc.edu/
Hudson County Community College,www.hccc.edu/
Valdosta State University,www.valdosta.edu/
William Paterson University of New Jersey,www.wpunj.edu/
Chemeketa Community College,www.chemeketa.edu/
Texas A and M University - San Antonio,www.tamusa.edu/
The University of Alabama in Huntsville,www.uah.edu/
Middle Georgia State University,https://www.mga.edu/
Delta College - Michigan,https://www.delta.edu/
The New School,https://www.newschool.edu/
Colorado State University - Global,https://csuglobal.edu/
Northern Michigan University,https://www.nmu.edu/
Santa Clara University,www.scu.edu/
Quinnipiac University,www.qu.edu/
Hudson Valley Community College,www.hvcc.edu/
Hofstra University,www.hofstra.edu/
Unity Environmental University,https://unity.edu/
Northeast Lakeview College,www.alamo.edu/nlc
College of Western Idaho,https://cwi.edu/
Elon University,https://www.elon.edu/
Quinsigamond Community College,www.qcc.edu/
Duke University,www.duke.edu/
Case Western Reserve University,www.case.edu/
South University - Online,www.southuniversity.edu/online#location=Online Programs
West Valley College,www.westvalley.edu/
City Colleges of Chicago - Malcolm X College,www.ccc.edu/colleges/malcolm-x/pages/default.aspx
Hinds Community College,www.hindscc.edu/
Arizona Western College,https://www.azwestern.edu/
Southeast Missouri State University,https://www.semo.edu/
Mississippi Gulf Coast Community College,https://www.mgccc.edu/
University of Wisconsin - Green Bay,www.uwgb.edu/
University of Rochester,https://www.rochester.edu/
Southern Connecticut State University,www.southernct.edu/
Century College,https://www.century.edu/
Horry-Georgetown Technical College,www.hgtc.edu/
Rowan College at Burlington County,www.rcbc.edu/
Central Texas College,https://www.ctcd.edu/
University of St. Thomas,www.stthomas.edu/
Oxnard College,www.oxnardcollege.edu/
Eastern Washington University,www.ewu.edu/
Indiana State University,https://indianastate.edu/
Kutztown University of Pennsylvania,https://www.kutztown.edu/
Central Georgia Technical College,www.centralgatech.edu/
Colorado School of Mines,www.mines.edu/
Shasta College,https://www.shastacollege.edu/
Alabama A and M University,www.aamu.edu/
Emily Griffith Technical College,www.emilygriffith.edu/
SUNY Erie Community College,www.ecc.edu/
SUNY New Paltz,www.newpaltz.edu/
Bristol Community College,www.bristolcc.edu/
North Carolina Central University,https://www.nccu.edu/
University of Houston - Clear Lake,www.uhcl.edu/
Oakton College,www.oakton.edu/
Lane Community College,https://www.lanecc.edu/
Salisbury University,https://www.salisbury.edu/
Radford University,https://www.radford.edu/
Seton Hall University,https://www.shu.edu/
University of Denver,www.du.edu/
South Plains College,www.southplainscollege.edu/
Saginaw Valley State University,www.svsu.edu/
Nightingale College,www.nightingale.edu/
CUNY Bronx Community College,www.bcc.cuny.edu/
Albany State University,https://www.asurams.edu/
Michigan Technological University,https://www.mtu.edu/
University of Michigan - Dearborn,https://umdearborn.edu/
Georgia College and State University,www.gcsu.edu/
SUNY Cortland,www2.cortland.edu/
Lehigh University,www.lehigh.edu/
North Central Texas College,https://www.nctc.edu/
Essex County College,www.essex.edu/
University of Wisconsin - Stout,www.uwstout.edu/
University of Wisconsin - Platteville,https://www.uwplatt.edu/
Fox Valley Technical College,https://www.fvtc.edu/
Laredo College,https://www.laredo.edu/index.html
University of North Alabama,https://www.una.edu/
Brightpoint Community College,https://www.brightpoint.edu/
Mission College,www.missioncollege.edu/
SUNY Brockport,https://www.brockport.edu/
Fayetteville State University,https://www.uncfsu.edu/
Stark State College,www.starkstate.edu/
Mercy University,https://www.mercy.edu/
Millersville University of Pennsylvania,www.millersville.edu/
Waubonsee Community College,https://www.waubonsee.edu/
Rensselaer Polytechnic Institute,www.rpi.edu/
Princeton University,www.princeton.edu/
Northeast Wisconsin Technical College,https://www.nwtc.edu/
Monroe University,www.monroecollege.edu/
Johns Hopkins University,www.jhu.edu/
Crafton Hills College,www.craftonhills.edu/
Southwestern Illinois College,https://www.swic.edu/
Southern Maine Community College,https://www.smccme.edu/
University of San Diego,www.sandiego.edu/
Purdue University Northwest,www.pnw.edu/
McLennan Community College,www.mclennan.edu/
Cincinnati State Technical and Community College,www.cincinnatistate.edu/
Maryville University of St. Louis,https://www.maryville.edu/
Trinity Valley Community College,www.tvcc.edu/
Nashville State Community College,https://www.nscc.edu/
University of Central Missouri,https://www.ucmo.edu/
Angelo State University,www.angelo.edu/
Louisiana State University - Alexandria,www.lsua.edu/
Columbus State University,www.columbusstate.edu/
Monterey Peninsula College,www.mpc.edu/
Metropolitan State University - Minnesota,www.metrostate.edu/
Augusta University,www.augusta.edu/
California State Polytechnic University - Humboldt,www.humboldt.edu/
University of Northern Colorado,https://www.unco.edu/
J Sargeant Reynolds Community College,www.reynolds.edu/
Franklin University,www.franklin.edu/
Colorado Christian University,https://www.ccu.edu/
Midland College,www.midland.edu/
Missouri University of Science and Technology,https://www.mst.edu/
Long Island University,www.liu.edu/
Northwestern State University of Louisiana,https://www.nsula.edu/
Southern University and A and M College,www.subr.edu/
Germanna Community College,www.germanna.edu/
Reedley College,www.reedleycollege.edu/
Wake Forest University,www.wfu.edu/
Purdue University Fort Wayne,www.pfw.edu/
SUNY Oswego,https://www.oswego.edu/
The Los Angeles Film School,www.lafilm.edu/
Jefferson State Community College,www.jeffersonstate.edu/
University of Washington - Bothell,https://www.uwb.edu/
Northwest Mississippi Community College,www.northwestms.edu/
Worcester Polytechnic Institute,https://www.wpi.edu/
University of South Dakota,https://www.usd.edu/
Sonoran Desert Institute,https://www.sdi.edu/
Ocean County College,www.ocean.edu/
Raritan Valley Community College,https://www.raritanval.edu/
Middlesex Community College - Massachusetts,https://www.middlesex.mass.edu/
Mercer County Community College,www.mccc.edu/
Norfolk State University,www.nsu.edu/
Arkansas Tech University,https://www.atu.edu/
Arapahoe Community College,www.arapahoe.edu/
Scottsdale Community College,www.scottsdalecc.edu/
Fairfield University,fairfield.edu/
Lorain County Community College,https://www.lorainccc.edu/
Columbia College Chicago,www.colum.edu/
County College of Morris,www.ccm.edu/
Duquesne University,www.duq.edu/
Volunteer State Community College,www.volstate.edu/
University of North Carolina at Pembroke,https://www.uncp.edu/
Pitt Community College,https://pittcc.edu/
Pierce College District,www.pierce.ctc.edu/
University of Southern Indiana,www.usi.edu/
Bucks County Community College,www.bucks.edu/
Merritt College,www.merritt.edu/
University of San Francisco,https://www.usfca.edu/
Chattanooga State Community College,https://www.chattanoogastate.edu/
Adelphi University,www.adelphi.edu/
Minneapolis College,www.minneapolis.edu/
Mott Community College,https://www.mcc.edu/
University of Massachusetts - Dartmouth,www.umassd.edu/
Contra Costa College,https://www.contracosta.edu/
Gonzaga University,https://www.gonzaga.edu/
Marist University,www.marist.edu/
Dona Ana Community College,dacc.nmsu.edu/
Canada College,canadacollege.edu/
Linn-Benton Community College,https://www.linnbenton.edu/
Sonoma State University,https://sonoma.edu/
West Georgia Technical College,https://www.westgatech.edu/
Winona State University,www.winona.edu/
American College of Financial Services,https://www.theamericancollege.edu/
High Point University,www.highpoint.edu/
Paradise Valley Community College,https://www.paradisevalley.edu/
Lee College,www.lee.edu/
Asheville-Buncombe Technical Community College,www.abtech.edu/
Butler Community College,www.butlercc.edu/
SUNY Buffalo State University,https://suny.buffalostate.edu/
Community College of Denver,www.ccd.edu/
Weatherford College,https://www.wc.edu/
St. Cloud State University,https://www.stcloudstate.edu/
Virginia State University,www.vsu.edu/
Tri-County Technical College,https://www.tctc.edu/
Illinois Central College,icc.edu/
Chandler-Gilbert Community College,www.cgc.maricopa.edu/
Rhode Island College,www.ric.edu/
Southwest Tennessee Community College,www.southwest.tn.edu/
Bowie State University,www.bowiestate.edu/
South Louisiana Community College,https://www.solacc.edu/
College of Central Florida,www.cf.edu/
University of Missouri - St. Louis,https://www.umsl.edu/
University of Louisiana - Monroe,www.ulm.edu/
St. Charles Community College,www.stchas.edu/
California State University - Channel Islands,www.csuci.edu/
Spartanburg Community College,https://www.sccsc.edu/
McNeese State University,www.mcneese.edu/
Kalamazoo Valley Community College,https://www.kvcc.edu/
Unitek College,unitekcollege.edu/
Green River College,https://www.greenriver.edu/
Clackamas Community College,www.clackamas.edu/
Waukesha County Technical College,https://www.wctc.edu/
Rose State College,https://www.rose.edu/
NorthWest Arkansas Community College,www.nwacc.edu/
Columbia College,https://www.ccis.edu/
University of Arkansas at Little Rock,ualr.edu/www/
Saint Joseph's University,https://www.sju.edu/
Clark College,https://www.clark.edu/
Bossier Parish Community College,https://www.bpcc.edu/
Central Arizona College,www.centralaz.edu/
Pearl River Community College,https://www.prcc.edu/
CUNY Hostos Community College,www.hostos.cuny.edu/
Ramapo College of New Jersey,www.ramapo.edu/
Red Rocks Community College,www.rrcc.edu/
University of Tennessee at Martin,https://www.utm.edu/
Tennessee State University,www.tnstate.edu/
University of New Haven,www.newhaven.edu/
East Stroudsburg University of Pennsylvania,https://www.esu.edu/
Southeastern University,https://www.seu.edu/
Madera Community College,https://www.maderacollege.edu/
Galen College of Nursing - Louisville,www.galencollege.edu/louisville
Coastal Alabama Community College,www.coastalalabama.edu/
Gavilan College,https://www.gavilan.edu/
Yuba College,https://yc.yccd.edu/
Rice University,www.rice.edu/
Northeastern State University,https://www.nsuok.edu/
Ana G. Mendez University,www.agmu.edu/
Georgia Highlands College,www.highlands.edu/
Springfield Technical Community College,www.stcc.edu/
Gateway Technical College,https://www.gtc.edu/
Texas A and M University - Kingsville,https://www.tamuk.edu/
Nicholls State University,www.nicholls.edu/
Regent University,https://www.regent.edu/
Everett Community College,www.everettcc.edu/
McHenry County College,www.mchenry.edu/
Tacoma Community College,https://www.tacomacc.edu/
Odessa College,www.odessa.edu/
SUNY Oneonta,https://suny.oneonta.edu/
Columbia Basin College,www.columbiabasin.edu/
University of New Orleans,new.uno.edu/
University of Florida,https://www.ufonline.ufl.edu/
Lindenwood University,https://www.lindenwood.edu/
Lanier Technical College,https://www.laniertech.edu/
Jackson State University,https://www.jsums.edu/
Wharton County Junior College,https://www.wcjc.edu/
Morehead State University,https://www.moreheadstate.edu/
Washburn University,www.washburn.edu/
Park University,www.park.edu/
Dalton State College,https://www.daltonstate.edu/
Dartmouth College,https://dartmouth.edu/
GateWay Community College - Phoenix,www.gatewaycc.edu/
Massachusetts Institute of Technology,web.mit.edu/
Spokane Community College,https://scc.spokane.edu/
College of Health Care Professions - Northwest,www.chcp.edu/
College of Southern Maryland,www.csmd.edu/
Estrella Mountain Community College,www.estrellamountain.edu/
Mercer University,https://www.mercer.edu/
University of Massachusetts Global,https://www.umassglobal.edu/
College of Alameda,https://alameda.edu/
Jersey College,https://www.jerseycollege.edu/
United States Naval Academy,www.usna.edu/
Bentley University,www.bentley.edu/
Pennsylvania College of Technology,https://www.pct.edu/
Miller-Motte College - Chattanooga,https://www.miller-motte.edu/
Berkeley City College,www.berkeleycitycollege.edu/
Onondaga Community College,www.sunyocc.edu/
University of Sacred Heart,www.sagrado.edu/
University of the Incarnate Word,www.uiw.edu/
Wallace State Community College - Hanceville,https://www.wallacestate.edu/
University of Michigan - Flint,www.umflint.edu/
Western Illinois University,www.wiu.edu/
United States Military Academy at West Point,www.westpoint.edu/
National Louis University,www.nl.edu/
Northeast State Community College,https://www.northeaststate.edu/
St. Johns River State College,www.sjrstate.edu/
Delaware State University,www.desu.edu/
North Shore Community College,www.northshore.edu/
Northwest Missouri State University,https://www.nwmissouri.edu/
City Colleges of Chicago - Wilbur Wright College,www.ccc.edu/colleges/wright/pages/default.aspx
Christopher Newport University,https://cnu.edu/
Owens Community College,https://www.owens.edu/
Rock Valley College,www.rockvalleycollege.edu/
University of Cincinnati - Blue Ash College,www.ucblueash.edu/
Clayton  State University,www.clayton.edu/
Creighton University,https://www.creighton.edu/
CUNY York College,www.york.cuny.edu/
Butler University,www.butler.edu/
San Juan College,www.sanjuancollege.edu/
Strayer University - Georgia,www.strayer.edu/campus-locations/georgia/chamblee
Salem State University,www.salemstate.edu/
Chippewa Valley Technical College,www.cvtc.edu/
Suffolk University,https://www.suffolk.edu/
Passaic County Community College,https://web.pccc.edu/
Georgia Northwestern Technical College,www.gntc.edu/
Ithaca College,https://www.ithaca.edu/
Massasoit Community College,https://www.massasoit.edu/
Rowan College of South Jersey - Gloucester,rcsj.edu/
Providence College,https://www.providence.edu/
University of Southern Maine,usm.maine.edu/
Stevens Institute of Technology,www.stevens.edu/
Victor Valley College,www.vvc.edu/
Pittsburg State University,https://www.pittstate.edu/
University of Alaska - Fairbanks,www.uaf.edu/
City Colleges of Chicago - Harold Washington College,www.ccc.edu/colleges/washington/Pages/default.aspx
Xavier University,https://www.xavier.edu/
Samford University,www.samford.edu/
University of Wisconsin - River Falls,https://www.uwrf.edu/
Frederick Community College,https://www.frederick.edu/
Anoka-Ramsey Community College,www.anokaramsey.edu/
Eastern Illinois University,https://www.eiu.edu/
University of Washington - Tacoma,https://www.tacoma.uw.edu/
Lake-Sumter State College,www.lssc.edu/
Southern Union State Community College,www.suscc.edu/
Winston-Salem State University,https://www.wssu.edu/
Itawamba Community College,www.iccms.edu/
Somerset Community College,https://somerset.kctcs.edu/
Grambling State University,www.gram.edu/
Rowan-Cabarrus Community College,https://www.rccc.edu/
SUNY Old Westbury,www.oldwestbury.edu/
Lehigh Carbon Community College,www.lccc.edu/
University of Hartford,www.hartford.edu/
University of Arkansas - Pulaski Technical College,uaptc.edu/
United States Air Force Academy,www.usafa.edu/
Southern Crescent Technical College,www.sctech.edu/
University of Arkansas at Fort Smith,https://uafs.edu/
Elizabethtown Community and Technical College,https://elizabethtown.kctcs.edu/
University of Nebraska at Kearney,www.unk.edu/
Midwestern State University,www.msutexas.edu/
Shippensburg University of Pennsylvania,www.ship.edu/
Seattle University,www.seattleu.edu/
College of Marin,www.marin.edu/
Touro University,https://www.touro.edu/
University of South Carolina - Upstate,www.uscupstate.edu/
Penn State - Harrisburg,https://harrisburg.psu.edu/
Beth Medrash Govoha,bmg.edu/
Cedarville University,https://www.cedarville.edu/
Lewis University,www.lewisu.edu/
Georgia Military College,https://www.gmc.edu/
Orange County Community College,https://sunyorange.edu/
Yavapai College,https://www.yc.edu/
Northeastern Illinois University,www.neiu.edu/
Piedmont Technical College,https://www.ptc.edu/
Lincoln Land Community College,www.llcc.edu/
Aurora University,https://aurora.edu/
Motlow State Community College,www.mscc.edu/
Holmes Community College,www.holmescc.edu/
Seattle Central College,seattlecentral.edu/
Roger Williams University,https://www.rwu.edu/
Virginia Peninsula Community College,https://vpcc.edu/
Gulf Coast State College,https://gulfcoast.edu/
Indiana University - South Bend,https://southbend.iu.edu/
Worcester State University,https://www.worcester.edu/
Augusta Technical College,https://www.augustatech.edu/
Merrimack College,https://www.merrimack.edu/
University of Texas - Permian Basin,https://www.utpb.edu/
Kapiolani Community College,https://www.kapiolani.hawaii.edu/
Pratt Institute,https://www.pratt.edu/
Virginia Western Community College,https://www.virginiawestern.edu/
Columbia State Community College,https://www.columbiastate.edu/
Durham Technical Community College,www.durhamtech.edu/
Bucknell University,www.bucknell.edu/
Atlanta Technical College,https://atlantatech.edu/
Pontifical Catholic University of Puerto Rico - Ponce,https://www.pucpr.edu/
Emerson College,www.emerson.edu/
Loyola University Maryland,https://www.loyola.edu/
SUNY Geneseo,https://www.geneseo.edu/
Johnson and Wales University - Providence,https://www.jwu.edu/campuses/providence/
Hondros College of Nursing,www.hondros.edu/
Mt. Hood Community College,www.mhcc.edu/
Highline College,www.highline.edu/
Massachusetts Bay Community College,https://www.massbay.edu/
Rockland Community College,www.sunyrockland.edu/
College of the Redwoods,https://www.redwoods.edu/
Olympic College,www.olympic.edu/
Dutchess Community College,https://www.sunydutchess.edu/
York Technical College,www.yorktech.edu/
Napa Valley College,https://www.napavalley.edu/
Saint Paul College,https://www.saintpaul.edu/
College of Southern Idaho,https://www.csi.edu/
Central Oregon Community College,www.cocc.edu/
Navarro College,www.navarrocollege.edu/
SUNY Plattsburgh,https://www.plattsburgh.edu/
Nevada State University,https://nevadastate.edu/
Atlantic Cape Community College,atlanticcape.edu/
Thomas Jefferson University,www.jefferson.edu/
Rutgers University - Camden,https://camden.rutgers.edu/
Wentworth Institute of Technology,https://wit.edu/
Hampton University,www.hamptonu.edu/
Los Angeles Southwest College,https://www.lasc.edu/
Reading Area Community College,https://www.racc.edu/
Baltimore City Community College,www.bccc.edu/
Harford Community College,https://www.harford.edu/
Northern Essex Community College,www.necc.mass.edu/
Monmouth University,https://www.monmouth.edu/
New Jersey City University,https://www.njcu.edu/
Lake Tahoe Community College,www.ltcc.edu/
Vincennes University,https://www.vinu.edu/
Edmonds College,www.edmonds.edu/
South Mountain Community College,www.southmountaincc.edu/
Aims Community College,www.aims.edu/
Pueblo Community College,www.pueblocc.edu/
Brandeis University,https://www.brandeis.edu/
Westfield State University,www.westfield.ma.edu/
Clark Atlanta University,www.cau.edu/
Polytechnic University of Puerto Rico,www.pupr.edu/
Holyoke Community College,www.hcc.edu/
Walters State Community College,www.ws.edu/
Vermont State University - Randolph,vermontstate.edu/
Academy of Art University,www.academyart.edu/
Bradley University,www.bradley.edu/
University of Mary Washington,https://www.umw.edu/
SUNY Alfred State College,www.alfredstate.edu/
Rogue Community College,www.roguecc.edu/
Taft College,www.taftcollege.edu/
University of Scranton,www.scranton.edu/
Pepperdine University,www.pepperdine.edu/
Snow College,https://www.snow.edu/
Gadsden State Community College,www.gadsdenstate.edu/
Jones County Junior College,www.jcjc.edu/
Winthrop University,www.winthrop.edu/
Eastern Iowa Community College,www.eicc.edu/
Gaston College,www.gaston.edu/
Oklahoma State University - Oklahoma City,osuokc.edu/
Southwestern Oklahoma State University,https://www.swosu.edu/
Western Connecticut State University,https://www.wcsu.edu/
Oral Roberts University,https://oru.edu/
Alabama State University,www.alasu.edu/
Inter American University of Puerto Rico - Bayamon,bayamon.inter.edu/
Biola University,https://www.biola.edu/
Clark State College,https://www.clarkstate.edu/
Johnston Community College,https://www.johnstoncc.edu/
Massachusetts College of Pharmacy and Health Sciences,www.mcphs.edu/
North Hennepin Community College,https://www.nhcc.edu/
New York Institute of Technology,www.nyit.edu/
Leeward Community College,www.leeward.hawaii.edu/
Jackson College,www.jccmi.edu/
Gurnick Academy - San Jose,www.gurnick.edu/
Eastern Connecticut State University,https://www.easternct.edu/
Spelman College,www.spelman.edu/
Siena College,https://www.siena.edu/
Florida Institute of Technology,https://www.fit.edu/
Lander University,https://www.lander.edu/
Harding University,www.harding.edu/
Palo Verde College,https://www.paloverde.edu/
